hive,path,value,type,data
"HKLM","Software\Classes\batfile\shell\runasuser","SuppressionPolicy","DWord","4096"
"HKLM","Software\Classes\cmdfile\shell\runasuser","SuppressionPolicy","DWord","4096"
"HKLM","Software\Classes\exefile\shell\runasuser","SuppressionPolicy","DWord","4096"
"HKLM","Software\Classes\mscfile\shell\runasuser","SuppressionPolicy","DWord","4096"
"HKLM","SOFTWARE\Microsoft\Windows NT\CurrentVersion\Winlogon","AutoAdminLogon","String","0"
"HKLM","SOFTWARE\Microsoft\Windows NT\CurrentVersion\Winlogon","ScreenSaverGracePeriod","String","5"
"HKLM","SOFTWARE\Microsoft\Windows\CurrentVersion\Policies\System","LocalAccountTokenFilterPolicy","DWord","0"
"HKLM","Software\Policies\Microsoft Services\AdmPwd","AdmPwdEnabled","DWord","1"
"HKLM","SOFTWARE\Policies\Microsoft\AppHVSI","FileTrustCriteria","DWord","0"
"HKLM","SOFTWARE\Policies\Microsoft\AppHVSI\FileTrustOrigin","FileTrustOriginMarkOfTheWeb","DWord","1"
"HKLM","SOFTWARE\Policies\Microsoft\AppHVSI\FileTrustOrigin","FileTrustOriginNetworkShare","DWord","1"
"HKLM","SOFTWARE\Policies\Microsoft\AppHVSI\FileTrustOrigin","FileTrustOriginRemovableMedia","DWord","1"
"HKLM","SOFTWARE\Policies\Microsoft\WindowsFirewall","PolicyVersion","DWord",""
"HKLM","SYSTEM\CurrentControlSet\Control\Lsa","RunAsPPL","DWord","1"
"HKLM","SYSTEM\CurrentControlSet\Control\SecurityProviders\WDigest","UseLogonCredential","DWord","0"
"HKLM","SYSTEM\CurrentControlSet\Control\Session Manager","SafeDllSearchMode","DWord","1"
"HKLM","SYSTEM\CurrentControlSet\Control\Session Manager\kernel","DisableExceptionChainValidation","DWord","0"
"HKLM","SYSTEM\CurrentControlSet\Services\Eventlog\Security","WarningLevel","DWord","90"
"HKLM","SYSTEM\CurrentControlSet\Services\LanmanServer\Parameters","SMB1","DWord","0"
"HKLM","SYSTEM\CurrentControlSet\Services\MrxSmb10","Start","DWord","4"
"HKLM","SYSTEM\CurrentControlSet\Services\Netbt\Parameters","NodeType","DWord","2"
"HKLM","SYSTEM\CurrentControlSet\Services\Netbt\Parameters","NoNameReleaseOnDemand","DWord","1"
"HKLM","SYSTEM\CurrentControlSet\Services\Tcpip\Parameters","DisableIPSourceRouting","DWord","2"
"HKLM","SYSTEM\CurrentControlSet\Services\Tcpip\Parameters","EnableDeadGWDetect","DWord","0"
"HKLM","SYSTEM\CurrentControlSet\Services\Tcpip\Parameters","EnableICMPRedirect","DWord","0"
"HKLM","SYSTEM\CurrentControlSet\Services\Tcpip6\Parameters","DisableIPSourceRouting","DWord","2"
"HKLM","Software\Policies\Microsoft\Windows\SrpV2\Dll","EnforcementMode","DWord","1"
"HKLM","Software\Policies\Microsoft\Windows\SrpV2\Dll\3737732c-99b7-41d4-9037-9cddfb0de0d0","Value","String","<FilePathRule Id="3737732c-99b7-41d4-9037-9cddfb0de0d0" Name="(Default Rule) All DLLs located in the Program Files folder" Description="Allows members of the Everyone group to load DLLs that are located in the Program Files folder." UserOrGroupSid="S-1-1-0" Action="Allow"><Conditions><FilePathCondition Path="%PROGRAMFILES%\*"/></Conditions></FilePathRule>\r\n"
"HKLM","Software\Policies\Microsoft\Windows\SrpV2\Dll\b322869f-7431-488c-ab0d-e1c49510283f","Value","String","<FilePathRule Id="b322869f-7431-488c-ab0d-e1c49510283f" Name="%OSDRIVE%\ProgramData\Microsoft\Windows Defender\Platform\*" Description="" UserOrGroupSid="S-1-1-0" Action="Allow"><Conditions><FilePathCondition Path="%OSDRIVE%\ProgramData\Microsoft\Windows Defender\Platform\*"/></Conditions></FilePathRule>\r\n"
"HKLM","Software\Policies\Microsoft\Windows\SrpV2\Dll","AllowWindows","DWord","0"
"HKLM","Software\Policies\Microsoft\Windows\SrpV2\Dll\e0e1f454-d63e-41cb-85d5-3c11a9b9889f","Value","String","<FilePathRule Id="e0e1f454-d63e-41cb-85d5-3c11a9b9889f" Name="Microsoft Windows DLLs - with exceptions for writeable locations" Description="Allows members of the Everyone group to load DLLs located in the Windows folder." UserOrGroupSid="S-1-1-0" Action="Allow"><Conditions><FilePathCondition Path="%WINDIR%\*"/></Conditions><Exceptions><FilePathCondition Path="%SYSTEM32%\AppLocker\*"/><FilePathCondition Path="%SYSTEM32%\com\dmp\*"/><FilePathCondition Path="%SYSTEM32%\FxsTmp\*"/><FilePathCondition Path="%SYSTEM32%\Microsoft\Crypto\RSA\MachineKeys\*"/><FilePathCondition Path="%SYSTEM32%\Spool\drivers\color\*"/><FilePathCondition Path="%SYSTEM32%\Spool\PRINTERS\*"/><FilePathCondition Path="%SYSTEM32%\Spool\SERVERS\*"/><FilePathCondition Path="%SYSTEM32%\Tasks\*"/><FilePathCondition Path="%WINDIR%\registration\crmlog\*"/><FilePathCondition Path="%WINDIR%\servicing\Packages\*"/><FilePathCondition Path="%WINDIR%\servicing\Sessions\*"/><FilePathCondition Path="%WINDIR%\Tasks\*"/><FilePathCondition Path="%WINDIR%\temp\*"/><FilePathCondition Path="%WINDIR%\Tracing\*"/></Exceptions></FilePathRule>\r\n"
"HKLM","Software\Policies\Microsoft\Windows\SrpV2\Dll\fe64f59f-6fca-45e5-a731-0f6715327c38","Value","String","<FilePathRule Id="fe64f59f-6fca-45e5-a731-0f6715327c38" Name="(Default Rule) All DLLs" Description="Allows members of the local Administrators group to load all DLLs." UserOrGroupSid="S-1-5-32-544" Action="Allow"><Conditions><FilePathCondition Path="*"/></Conditions></FilePathRule>\r\n"
"HKLM","Software\Policies\Microsoft\Windows\SrpV2\Exe","EnforcementMode","DWord","1"
"HKLM","Software\Policies\Microsoft\Windows\SrpV2\Exe\36589a7e-4ac6-4bf0-aab9-1a87a469c7d2","Value","String","<FilePathRule Id="36589a7e-4ac6-4bf0-aab9-1a87a469c7d2" Name="All files located in the Program Files folder" Description="Allows members of the Everyone group to run applications that are located in the Program Files folder." UserOrGroupSid="S-1-1-0" Action="Allow"><Conditions><FilePathCondition Path="%PROGRAMFILES%\*"/></Conditions><Exceptions><FilePathCondition Path="%PROGRAMFILES%\Windows Kits\*\Debuggers\*"/></Exceptions></FilePathRule>\r\n"
"HKLM","Software\Policies\Microsoft\Windows\SrpV2\Exe\5c2a926d-aa07-41ee-8199-2933a0e05979","Value","String","<FilePathRule Id="5c2a926d-aa07-41ee-8199-2933a0e05979" Name="All files located in the Windows folder - with exceptions" Description="Allows members of the Everyone group to run applications that are located in the Windows folder." UserOrGroupSid="S-1-1-0" Action="Allow"><Conditions><FilePathCondition Path="%WINDIR%\*"/></Conditions><Exceptions><FilePublisherCondition PublisherName="O=MICROSOFT CORPORATION, L=REDMOND, S=WASHINGTON, C=US" ProductName="INTERNET EXPLORER" BinaryName="MSHTA.EXE"><BinaryVersionRange LowSection="11.0.0.0" HighSection="*"/></FilePublisherCondition><FilePublisherCondition PublisherName="O=MICROSOFT CORPORATION, L=REDMOND, S=WASHINGTON, C=US" ProductName="MICROSOFT(R) CONNECTION MANAGER" BinaryName="CMSTP.EXE"><BinaryVersionRange LowSection="*" HighSection="*"/></FilePublisherCondition><FilePublisherCondition PublisherName="O=MICROSOFT CORPORATION, L=REDMOND, S=WASHINGTON, C=US" ProductName="MICROSOFT® .NET FRAMEWORK" BinaryName="IEEXEC.EXE"><BinaryVersionRange LowSection="2.0.0.0" HighSection="*"/></FilePublisherCondition><FilePublisherCondition PublisherName="O=MICROSOFT CORPORATION, L=REDMOND, S=WASHINGTON, C=US" ProductName="MICROSOFT® .NET FRAMEWORK" BinaryName="INSTALLUTIL.EXE"><BinaryVersionRange LowSection="2.0.0.0" HighSection="*"/></FilePublisherCondition><FilePublisherCondition PublisherName="O=MICROSOFT CORPORATION, L=REDMOND, S=WASHINGTON, C=US" ProductName="MICROSOFT® .NET FRAMEWORK" BinaryName="MSBUILD.EXE"><BinaryVersionRange LowSection="1.0.0.0" HighSection="*"/></FilePublisherCondition><FilePublisherCondition PublisherName="O=MICROSOFT CORPORATION, L=REDMOND, S=WASHINGTON, C=US" ProductName="MICROSOFT® .NET FRAMEWORK" BinaryName="REGASM.EXE"><BinaryVersionRange LowSection="1.0.0.0" HighSection="*"/></FilePublisherCondition><FilePublisherCondition PublisherName="O=MICROSOFT CORPORATION, L=REDMOND, S=WASHINGTON, C=US" ProductName="MICROSOFT® .NET FRAMEWORK" BinaryName="REGSVCS.EXE"><BinaryVersionRange LowSection="1.0.0.0" HighSection="*"/></FilePublisherCondition><FilePublisherCondition PublisherName="O=MICROSOFT CORPORATION, L=REDMOND, S=WASHINGTON, C=US" ProductName="MICROSOFT® WINDOWS® OPERATING SYSTEM" BinaryName="CDB.EXE"><BinaryVersionRange LowSection="1.0.0.0" HighSection="*"/></FilePublisherCondition><FilePublisherCondition PublisherName="O=MICROSOFT CORPORATION, L=REDMOND, S=WASHINGTON, C=US" ProductName="MICROSOFT® WINDOWS® OPERATING SYSTEM" BinaryName="CIPHER.EXE"><BinaryVersionRange LowSection="*" HighSection="*"/></FilePublisherCondition><FilePublisherCondition PublisherName="O=MICROSOFT CORPORATION, L=REDMOND, S=WASHINGTON, C=US" ProductName="MICROSOFT® WINDOWS® OPERATING SYSTEM" BinaryName="PRESENTATIONHOST.EXE"><BinaryVersionRange LowSection="*" HighSection="*"/></FilePublisherCondition><FilePublisherCondition PublisherName="O=MICROSOFT CORPORATION, L=REDMOND, S=WASHINGTON, C=US" ProductName="MICROSOFT® WINDOWS® OPERATING SYSTEM" BinaryName="WINDBG.EXE"><BinaryVersionRange LowSection="1.0.0.0" HighSection="*"/></FilePublisherCondition><FilePublisherCondition PublisherName="O=MICROSOFT CORPORATION, L=REDMOND, S=WASHINGTON, C=US" ProductName="MICROSOFT® WINDOWS® OPERATING SYSTEM" BinaryName="WMIC.EXE"><BinaryVersionRange LowSection="*" HighSection="*"/></FilePublisherCondition><FilePathCondition Path="%SYSTEM32%\AppLocker\*"/><FilePathCondition Path="%SYSTEM32%\com\dmp\*"/><FilePathCondition Path="%SYSTEM32%\FxsTmp\*"/><FilePathCondition Path="%SYSTEM32%\Microsoft\Crypto\RSA\MachineKeys\*"/><FilePathCondition Path="%SYSTEM32%\Spool\drivers\color\*"/><FilePathCondition Path="%SYSTEM32%\Spool\PRINTERS\*"/><FilePathCondition Path="%SYSTEM32%\Spool\SERVERS\*"/><FilePathCondition Path="%SYSTEM32%\Tasks\*"/><FilePathCondition Path="%WINDIR%\registration\crmlog\*"/><FilePathCondition Path="%WINDIR%\servicing\Packages\*"/><FilePathCondition Path="%WINDIR%\servicing\Sessions\*"/><FilePathCondition Path="%WINDIR%\Tasks\*"/><FilePathCondition Path="%WINDIR%\temp\*"/><FilePathCondition Path="%WINDIR%\Tracing\*"/></Exceptions></FilePathRule>\r\n"
"HKLM","Software\Policies\Microsoft\Windows\SrpV2\Exe\abbf7b1e-e4ce-46ae-9ab3-ca044e1f0079","Value","String","<FilePathRule Id="abbf7b1e-e4ce-46ae-9ab3-ca044e1f0079" Name="%OSDRIVE%\ProgramData\Microsoft\Windows Defender\Platform\*" Description="" UserOrGroupSid="S-1-1-0" Action="Allow"><Conditions><FilePathCondition Path="%OSDRIVE%\ProgramData\Microsoft\Windows Defender\Platform\*"/></Conditions></FilePathRule>\r\n"
"HKLM","Software\Policies\Microsoft\Windows\SrpV2\Exe","AllowWindows","DWord","0"
"HKLM","Software\Policies\Microsoft\Windows\SrpV2\Exe\fd686d83-a829-4351-8ff4-27c7de5755d2","Value","String","<FilePathRule Id="fd686d83-a829-4351-8ff4-27c7de5755d2" Name="(Default Rule) All files" Description="Allows members of the local Administrators group to run all applications." UserOrGroupSid="S-1-5-32-544" Action="Allow"><Conditions><FilePathCondition Path="*"/></Conditions></FilePathRule>\r\n"
"HKLM","Software\Policies\Microsoft\Windows\SrpV2\Appx","EnforcementMode","DWord","1"
"HKLM","Software\Policies\Microsoft\Windows\SrpV2\Appx\5b2a8477-5617-4653-badd-81ee23fc2bb6","Value","String","<FilePublisherRule Id="5b2a8477-5617-4653-badd-81ee23fc2bb6" Name="All signed packaged apps" Description="Allows members of the Everyone group to run packaged apps that are signed." UserOrGroupSid="S-1-1-0" Action="Allow"><Conditions><FilePublisherCondition PublisherName="*" ProductName="*" BinaryName="*"><BinaryVersionRange LowSection="0.0.0.0" HighSection="*"/></FilePublisherCondition></Conditions><Exceptions><FilePublisherCondition PublisherName="CN=Microsoft Corporation, O=Microsoft Corporation, L=Redmond, S=Washington, C=US" ProductName="Microsoft.Getstarted" BinaryName="*"><BinaryVersionRange LowSection="2.1.0.0" HighSection="*"/></FilePublisherCondition><FilePublisherCondition PublisherName="CN=Microsoft Corporation, O=Microsoft Corporation, L=Redmond, S=Washington, C=US" ProductName="Microsoft.MicrosoftOfficeHub" BinaryName="*"><BinaryVersionRange LowSection="17.4218.0.0" HighSection="*"/></FilePublisherCondition><FilePublisherCondition PublisherName="CN=Skype Software Sarl, O=Microsoft Corporation, L=Luxembourg, S=Luxembourg, C=LU" ProductName="Microsoft.SkypeApp" BinaryName="*"><BinaryVersionRange LowSection="3.2.0.0" HighSection="*"/></FilePublisherCondition><FilePublisherCondition PublisherName="CN=Microsoft Windows, O=Microsoft Corporation, L=Redmond, S=Washington, C=US" ProductName="Microsoft.WindowsFeedback" BinaryName="*"><BinaryVersionRange LowSection="10.0.0.0" HighSection="*"/></FilePublisherCondition></Exceptions></FilePublisherRule>\r\n"
"HKLM","Software\Policies\Microsoft\Windows\SrpV2\Appx","AllowWindows","DWord","0"
"HKLM","Software\Policies\Microsoft\Windows\SrpV2\Script","EnforcementMode","DWord","1"
"HKLM","Software\Policies\Microsoft\Windows\SrpV2\Script\06dce67b-934c-454f-a263-2515c8796a5d","Value","String","<FilePathRule Id="06dce67b-934c-454f-a263-2515c8796a5d" Name="(Default Rule) All scripts located in the Program Files folder" Description="Allows members of the Everyone group to run scripts that are located in the Program Files folder." UserOrGroupSid="S-1-1-0" Action="Allow"><Conditions><FilePathCondition Path="%PROGRAMFILES%\*"/></Conditions></FilePathRule>\r\n"
"HKLM","Software\Policies\Microsoft\Windows\SrpV2\Script\4424ec7c-c6ff-4015-ba6a-7f465808db21","Value","String","<FilePathRule Id="4424ec7c-c6ff-4015-ba6a-7f465808db21" Name="All scripts located in the Windows folder" Description="Allows members of the Everyone group to run scripts that are located in the Windows folder." UserOrGroupSid="S-1-1-0" Action="Allow"><Conditions><FilePathCondition Path="%WINDIR%\*"/></Conditions><Exceptions><FilePathCondition Path="%SYSTEM32%\AppLocker\*"/><FilePathCondition Path="%SYSTEM32%\com\dmp\*"/><FilePathCondition Path="%SYSTEM32%\FxsTmp\*"/><FilePathCondition Path="%SYSTEM32%\Microsoft\Crypto\RSA\MachineKeys\*"/><FilePathCondition Path="%SYSTEM32%\Spool\drivers\color\*"/><FilePathCondition Path="%SYSTEM32%\Spool\PRINTERS\*"/><FilePathCondition Path="%SYSTEM32%\Spool\SERVERS\*"/><FilePathCondition Path="%SYSTEM32%\Tasks\*"/><FilePathCondition Path="%WINDIR%\registration\crmlog\*"/><FilePathCondition Path="%WINDIR%\servicing\Packages\*"/><FilePathCondition Path="%WINDIR%\servicing\Sessions\*"/><FilePathCondition Path="%WINDIR%\Tasks\*"/><FilePathCondition Path="%WINDIR%\temp\*"/><FilePathCondition Path="%WINDIR%\Tracing\*"/></Exceptions></FilePathRule>\r\n"
"HKLM","Software\Policies\Microsoft\Windows\SrpV2\Script\ed97d0cb-15ff-430f-b82c-8d7832957725","Value","String","<FilePathRule Id="ed97d0cb-15ff-430f-b82c-8d7832957725" Name="(Default Rule) All scripts" Description="Allows members of the local Administrators group to run all scripts." UserOrGroupSid="S-1-5-32-544" Action="Allow"><Conditions><FilePathCondition Path="*"/></Conditions></FilePathRule>\r\n"
"HKLM","Software\Policies\Microsoft\Windows\SrpV2\Script","AllowWindows","DWord","0"
"HKLM","Software\Policies\Microsoft\Windows\SrpV2\Msi","EnforcementMode","DWord","1"
"HKLM","Software\Policies\Microsoft\Windows\SrpV2\Msi\64ad46ff-0d71-4fa0-a30b-3f3d30c5433d","Value","String","<FilePathRule Id="64ad46ff-0d71-4fa0-a30b-3f3d30c5433d" Name="(Default Rule) All Windows Installer files" Description="Allows members of the local Administrators group to run all Windows Installer files." UserOrGroupSid="S-1-5-32-544" Action="Allow"><Conditions><FilePathCondition Path="*.*"/></Conditions></FilePathRule>\r\n"
"HKLM","Software\Policies\Microsoft\Windows\SrpV2\Msi\dbd8ff9e-a670-4e3b-b59e-c0cd39637b99","Value","String","<FilePathRule Id="dbd8ff9e-a670-4e3b-b59e-c0cd39637b99" Name="%WINDIR%\Installer\*" Description="" UserOrGroupSid="S-1-1-0" Action="Allow"><Conditions><FilePathCondition Path="%WINDIR%\Installer\*"/></Conditions></FilePathRule>\r\n"
"HKLM","Software\Policies\Microsoft\Windows\SrpV2\Msi","AllowWindows","DWord","0"
"HKLM","SOFTWARE\Policies\Microsoft\WindowsFirewall\FirewallRules","{16179759-79D2-48F1-A567-B1EF930E13C5}","String","v2.28|Action=Allow|Active=TRUE|Dir=Out|Protocol=17|Profile=Private|Profile=Public|App=%SystemRoot%\system32\lsass.exe|Name=Allow outbound Kerberos - UDP|"
"HKLM","SOFTWARE\Policies\Microsoft\WindowsFirewall\FirewallRules","{5FB5B55E-568D-466D-BF82-EB825B66BA93}","String","v2.28|Action=Allow|Active=TRUE|Dir=Out|Protocol=17|Profile=Private|Profile=Public|RPort=389|Name=Allow outbound LDAP - UDP|"
"HKLM","SOFTWARE\Policies\Microsoft\WindowsFirewall\FirewallRules","{70159D70-3BB0-437C-BC55-CB2312D6BA60}","String","v2.28|Action=Allow|Active=TRUE|Dir=Out|Protocol=6|Profile=Private|Profile=Public|RPort=389|Name=Allow outbound LDAP - TCP|"
"HKLM","SOFTWARE\Policies\Microsoft\WindowsFirewall\FirewallRules","{9F1872F0-C054-463C-95B1-A81ED2C81D31}","String","v2.28|Action=Allow|Active=TRUE|Dir=Out|Protocol=6|Profile=Private|Profile=Public|RPort=53|App=%SystemRoot%\system32\svchost.exe|Svc=Dnscache|Name=Allow outboud DNS - TCP|"
"HKLM","SOFTWARE\Policies\Microsoft\WindowsFirewall\FirewallRules","{A7583DB6-FF00-401F-8EF4-7254022FE8EC}","String","v2.28|Action=Allow|Active=TRUE|Dir=Out|Protocol=6|Profile=Private|Profile=Public|App=%SystemRoot%\system32\lsass.exe|Name=Allow outbound Kerberos - TCP|"
"HKLM","SOFTWARE\Policies\Microsoft\WindowsFirewall\FirewallRules","{B37D8400-2B70-4844-BC76-2109733F2CF3}","String","v2.28|Action=Allow|Active=TRUE|Dir=Out|Protocol=6|Profile=Private|Profile=Public|RPort=80|App=%SystemRoot%\System32\svchost.exe|Svc=NlaSvc|Name=Allow outbound NCSI Probe|"
"HKLM","SOFTWARE\Policies\Microsoft\WindowsFirewall\FirewallRules","{B5F5CEB9-7989-4DAF-8B80-9C6DD1A139BC}","String","v2.28|Action=Allow|Active=TRUE|Dir=Out|Protocol=17|Profile=Private|Profile=Public|LPort=68|RPort=67|App=%SystemRoot%\system32\svchost.exe|Svc=Dhcp|Name=Allow outbound DCHP|"
"HKLM","SOFTWARE\Policies\Microsoft\WindowsFirewall\FirewallRules","{B61409AB-083A-45DF-9348-F2DDC77FB732}","String","v2.28|Action=Allow|Active=TRUE|Dir=Out|Protocol=17|Profile=Private|Profile=Public|RPort=53|App=%SystemRoot%\system32\svchost.exe|Name=Allow outbound DNS - UDP|"
"HKLM","SOFTWARE\Policies\Microsoft\WindowsFirewall\DomainProfile\Logging","LogDroppedPackets","DWord","1"
"HKLM","SOFTWARE\Policies\Microsoft\WindowsFirewall\DomainProfile\Logging","LogFilePath","String","%systemroot%\system32\logfiles\firewall\domainfw.log"
"HKLM","SOFTWARE\Policies\Microsoft\WindowsFirewall\DomainProfile\Logging","LogSuccessfulConnections","DWord","1"
"HKLM","SOFTWARE\Policies\Microsoft\WindowsFirewall\DomainProfile\Logging","LogFileSize","DWord","16384"
"HKLM","SOFTWARE\Policies\Microsoft\WindowsFirewall\DomainProfile","AllowLocalPolicyMerge","DWord","0"
"HKLM","Software\Policies\Microsoft\WindowsFirewall\DomainProfile","DisableNotifications","DWord","1"
"HKLM","Software\Policies\Microsoft\WindowsFirewall\DomainProfile","EnableFirewall","DWord","1"
"HKLM","Software\Policies\Microsoft\WindowsFirewall\DomainProfile","DefaultInboundAction","DWord","1"
"HKLM","Software\Policies\Microsoft\WindowsFirewall\DomainProfile","DefaultOutboundAction","DWord","0"
"HKLM","SOFTWARE\Policies\Microsoft\WindowsFirewall\PrivateProfile\Logging","LogDroppedPackets","DWord","1"
"HKLM","SOFTWARE\Policies\Microsoft\WindowsFirewall\PrivateProfile\Logging","LogFilePath","String","%systemroot%\system32\logfiles\firewall\privatefw.log"
"HKLM","SOFTWARE\Policies\Microsoft\WindowsFirewall\PrivateProfile\Logging","LogSuccessfulConnections","DWord","1"
"HKLM","SOFTWARE\Policies\Microsoft\WindowsFirewall\PrivateProfile\Logging","LogFileSize","DWord","16384"
"HKLM","SOFTWARE\Policies\Microsoft\WindowsFirewall\PrivateProfile","AllowLocalPolicyMerge","DWord","0"
"HKLM","SOFTWARE\Policies\Microsoft\WindowsFirewall\PrivateProfile","DisableNotifications","DWord","1"
"HKLM","SOFTWARE\Policies\Microsoft\WindowsFirewall\PrivateProfile","EnableFirewall","DWord","1"
"HKLM","SOFTWARE\Policies\Microsoft\WindowsFirewall\PrivateProfile","DefaultInboundAction","DWord","1"
"HKLM","SOFTWARE\Policies\Microsoft\WindowsFirewall\PrivateProfile","DefaultOutboundAction","DWord","0"
"HKLM","SOFTWARE\Policies\Microsoft\WindowsFirewall\PublicProfile\Logging","LogDroppedPackets","DWord","1"
"HKLM","SOFTWARE\Policies\Microsoft\WindowsFirewall\PublicProfile\Logging","LogFilePath","String","%systemroot%\system32\logfiles\firewall\publicfw.log"
"HKLM","SOFTWARE\Policies\Microsoft\WindowsFirewall\PublicProfile\Logging","LogSuccessfulConnections","DWord","1"
"HKLM","SOFTWARE\Policies\Microsoft\WindowsFirewall\PublicProfile\Logging","LogFileSize","DWord","16384"
"HKLM","SOFTWARE\Policies\Microsoft\WindowsFirewall\PublicProfile","AllowLocalIPsecPolicyMerge","DWord","0"
"HKLM","SOFTWARE\Policies\Microsoft\WindowsFirewall\PublicProfile","AllowLocalPolicyMerge","DWord","0"
"HKLM","SOFTWARE\Policies\Microsoft\WindowsFirewall\PublicProfile","DisableNotifications","DWord","1"
"HKLM","SOFTWARE\Policies\Microsoft\WindowsFirewall\PublicProfile","EnableFirewall","DWord","1"
"HKLM","SOFTWARE\Policies\Microsoft\WindowsFirewall\PublicProfile","DefaultInboundAction","DWord","1"
"HKLM","SOFTWARE\Policies\Microsoft\WindowsFirewall\PublicProfile","DefaultOutboundAction","DWord","0"
"HKLM","SOFTWARE\Policies\Microsoft\Windows\Personalization","NoLockScreenCamera","DWord","1"
"HKLM","SOFTWARE\Policies\Microsoft\Windows\Personalization","NoLockScreenSlideshow","DWord","1"
"HKLM","SOFTWARE\Policies\Microsoft\InputPersonalization","AllowInputPersonalization","DWord","0"
"HKLM","SOFTWARE\Policies\Microsoft\InputPersonalization","RestrictImplicitInkCollection","DWord","1"
"HKLM","SOFTWARE\Policies\Microsoft\InputPersonalization","RestrictImplicitTextCollection","DWord","1"
"HKLM","SOFTWARE\Policies\Microsoft\Windows NT\DNSClient","EnableMulticast","DWord","0"
"HKLM","SOFTWARE\Policies\Microsoft\Windows\LanmanWorkstation","AllowInsecureGuestAuth","DWord","0"
"HKLM","SOFTWARE\Policies\Microsoft\Windows\Network Connections","NC_AllowNetBridge_NLA","DWord","0"
"HKLM","SOFTWARE\Policies\Microsoft\Windows\Network Connections","NC_ShowSharedAccessUI","DWord","0"
"HKLM","Software\Policies\Microsoft\Windows\Network Connections","NC_StdDomainUserSetLocation","DWord","1"
"HKLM","Software\Policies\Microsoft\Windows\NetworkIsolation","DProxiesAuthoritive","DWord","1"
"HKLM","Software\Policies\Microsoft\Windows\NetworkIsolation","DSubnetsAuthoritive","DWord","1"
"HKLM","Software\Policies\Microsoft\Windows\NetworkProvider\HardenedPaths","\\*\NETLOGON","String","RequireIntegrity=1,RequireMutualAuthentication=1"
"HKLM","Software\Policies\Microsoft\Windows\NetworkProvider\HardenedPaths","\\*\SYSVOL","String","RequireIntegrity=1,RequireMutualAuthentication=1"
"HKLM","Software\Policies\Microsoft\Cryptography\Configuration\SSL\00010002","EccCurves","MultiString","NistP256,NistP384"
"HKLM","SOFTWARE\Policies\Microsoft\Windows\WcmSvc\GroupPolicy","fMinimizeConnections","DWord","1"
"HKLM","SOFTWARE\Policies\Microsoft\Windows\WcmSvc\GroupPolicy","fBlockNonDomain","DWord","1"
"HKLM","SOFTWARE\Microsoft\wcmsvc\wifinetworkmanager\config","AutoConnectAllowedOEM","DWord","0"
"HKLM","Software\Policies\Microsoft\Windows NT\Printers\PointAndPrint","RestrictDriverInstallationToAdministrators","DWord","1"
"HKLM","SOFTWARE\Microsoft\Windows\CurrentVersion\Policies\System\Audit","ProcessCreationIncludeCmdLine_Enabled","DWord","1"
"HKLM","SOFTWARE\Microsoft\Windows\CurrentVersion\Policies\System\CredSSP\Parameters","AllowEncryptionOracle","DWord","0"
"HKLM","Software\Policies\Microsoft\Windows\CredentialsDelegation","AllowProtectedCreds","DWord","1"
"HKLM","Software\Policies\Microsoft\Windows\DeviceGuard","EnableVirtualizationBasedSecurity","DWord","1"
"HKLM","Software\Policies\Microsoft\Windows\DeviceGuard","LsaCfgFlags","DWord","1"
"HKLM","Software\Policies\Microsoft\Windows\DeviceGuard","HVCIMATRequired","DWord","0"
"HKLM","Software\Policies\Microsoft\Windows\DeviceGuard","ConfigureSystemGuardLaunch","DWord","1"
"HKLM","Software\Policies\Microsoft\Windows\DeviceGuard","RequirePlatformSecurityFeatures","DWord","1"
"HKLM","Software\Policies\Microsoft\Windows\DeviceGuard","HypervisorEnforcedCodeIntegrity","DWord","1"
"HKLM","SOFTWARE\Policies\Microsoft\Windows\DeviceInstall\Restrictions","DenyDeviceIDs","DWord","1"
"HKLM","SOFTWARE\Policies\Microsoft\Windows\DeviceInstall\Restrictions","DenyDeviceIDsRetroactive","DWord","1"
"HKLM","SOFTWARE\Policies\Microsoft\Windows\DeviceInstall\Restrictions\DenyDeviceIDs","1","String","PCI\CC_0C0A"
"HKLM","SOFTWARE\Policies\Microsoft\Windows\DeviceInstall\Restrictions","DenyDeviceClasses","DWord","1"
"HKLM","SOFTWARE\Policies\Microsoft\Windows\DeviceInstall\Restrictions","DenyDeviceClassesRetroactive","DWord","1"
"HKLM","SOFTWARE\Policies\Microsoft\Windows\DeviceInstall\Restrictions\DenyDeviceClasses","1","String","{d48179be-ec20-11d1-b6b8-00c04fa372a7}"
"HKLM","SOFTWARE\Policies\Microsoft\Windows\DeviceInstall\Restrictions\DenyDeviceClasses","2","String","{7ebefbc0-3200-11d2-b4c20-0a0C9697d07}"
"HKLM","SOFTWARE\Policies\Microsoft\Windows\DeviceInstall\Restrictions\DenyDeviceClasses","3","String","{c06ff265-ae09-48f0-812c-16753d7cba83}"
"HKLM","SOFTWARE\Policies\Microsoft\Windows\DeviceInstall\Restrictions\DenyDeviceClasses","4","String","{6bdd1fc1-810f-11d0-bec7-08002be2092f}"
"HKLM","SYSTEM\CurrentControlSet\Policies\EarlyLaunch","DriverLoadPolicy","DWord","3"
"HKLM","SOFTWARE\Policies\Microsoft\Windows\System","EnableCdp","DWord","0"
"HKLM","Software\Policies\Microsoft\Windows\System","EnableMmx","DWord","0"
"HKLM","SOFTWARE\Policies\Microsoft\Windows NT\Printers","DisableWebPnPDownload","DWord","1"
"HKLM","SOFTWARE\Microsoft\Windows\CurrentVersion\Policies\Explorer","NoWebServices","DWord","1"
"HKLM","Software\Policies\Microsoft\Windows NT\Printers","DisableHTTPPrinting","DWord","1"
"HKLM","SOFTWARE\Policies\Microsoft\Windows\Kernel DMA Protection","DeviceEnumerationPolicy","DWord","0"
"HKLM","SOFTWARE\Policies\Microsoft\Windows\System","BlockUserFromShowingAccountDetailsOnSignin","DWord","1"
"HKLM","SOFTWARE\Policies\Microsoft\Windows\System","DontDisplayNetworkSelectionUI","DWord","1"
"HKLM","Software\Policies\Microsoft\Windows\System","EnumerateLocalUsers","DWord","0"
"HKLM","Software\Microsoft\Windows\CurrentVersion\Policies\Explorer","NoStartBanner","DWord","1"
"HKLM","SOFTWARE\Policies\Microsoft\Windows\System","DisableLockScreenAppNotifications","DWord","1"
"HKLM","SOFTWARE\Policies\Microsoft\Windows\System","BlockDomainPicturePassword","DWord","1"
"HKLM","Software\Policies\Microsoft\Windows\System","AllowDomainPINLogon","DWord","0"
"HKLM","Software\Policies\Microsoft\Windows\System","AllowClipboardHistory","DWord","0"
"HKLM","Software\Policies\Microsoft\Windows\System","AllowCrossDeviceClipboard","DWord","0"
"HKLM","Software\Policies\Microsoft\Windows\System","PublishUserActivities","DWord","0"
"HKLM","Software\Policies\Microsoft\Windows\System","UploadUserActivities","DWord","0"
"HKLM","Software\Policies\Microsoft\Windows\System","EnableActivityFeed","DWord","0"
"HKLM","Software\Policies\Microsoft\PassportForWork\PINComplexity","MinimumPINLength","DWord","6"
"HKLM","SOFTWARE\Policies\Microsoft\Power\PowerSettings\f15576e8-98b7-4186-b944-eafa664402d9","DCSettingIndex","DWord","0"
"HKLM","SOFTWARE\Policies\Microsoft\Power\PowerSettings\f15576e8-98b7-4186-b944-eafa664402d9","ACSettingIndex","DWord","0"
"HKLM","SOFTWARE\Policies\Microsoft\Power\PowerSettings\abfc2519-3608-4c2a-94ea-171b0ed546ab","DCSettingIndex","DWord","0"
"HKLM","SOFTWARE\Policies\Microsoft\Power\PowerSettings\abfc2519-3608-4c2a-94ea-171b0ed546ab","ACSettingIndex","DWord","0"
"HKLM","SOFTWARE\Policies\Microsoft\Power\PowerSettings\0e796bdb-100d-47d6-a2d5-f7d2daa51f51","DCSettingIndex","DWord","1"
"HKLM","SOFTWARE\Policies\Microsoft\Power\PowerSettings\0e796bdb-100d-47d6-a2d5-f7d2daa51f51","ACSettingIndex","DWord","1"
"HKLM","SOFTWARE\Policies\Microsoft\Windows NT\Terminal Services","fAllowUnsolicited","DWord","0"
"HKLM","SOFTWARE\Policies\Microsoft\Windows NT\Terminal Services","fAllowToGetHelp","DWord","0"
"HKLM","SOFTWARE\Policies\Microsoft\Windows NT\Rpc","EnableAuthEpResolution","DWord","1"
"HKLM","SOFTWARE\Policies\Microsoft\Windows NT\Rpc","RestrictRemoteClients","DWord","1"
"HKLM","SOFTWARE\Policies\Microsoft\TPM\BlockedCommands","IgnoreDefaultList","DWord","0"
"HKLM","SOFTWARE\Policies\Microsoft\TPM","StandardUserAuthorizationFailureDuration","DWord","30"
"HKLM","SOFTWARE\Policies\Microsoft\TPM","StandardUserAuthorizationFailureTotalThreshold","DWord","5"
"HKLM","Software\Policies\Microsoft\Windows\AppPrivacy","LetAppsActivateWithVoiceAboveLock","DWord","2"
"HKLM","SOFTWARE\Microsoft\Windows\CurrentVersion\Policies\System","MSAOptional","DWord","1"
"HKLM","Software\Microsoft\Windows\CurrentVersion\Policies\System","BlockHostedAppAccessWinRT","DWord","1"
"HKLM","Software\Policies\Microsoft\Windows\AppCompat","DisableInventory","DWord","1"
"HKLM","SOFTWARE\Policies\Microsoft\Windows\Explorer","NoAutoplayfornonVolume","DWord","1"
"HKLM","SOFTWARE\Microsoft\Windows\CurrentVersion\Policies\Explorer","NoAutorun","DWord","1"
"HKLM","SOFTWARE\Microsoft\Windows\CurrentVersion\Policies\Explorer","NoDriveTypeAutoRun","DWord","255"
"HKLM","SOFTWARE\Policies\Microsoft\Biometrics\FacialFeatures","EnhancedAntiSpoofing","DWord","1"
"HKLM","SOFTWARE\Policies\Microsoft\FVE","DisableExternalDMAUnderLock","DWord","1"
"HKLM","SOFTWARE\Policies\Microsoft\FVE","EncryptionMethodWithXtsFdv","DWord","6"
"HKLM","SOFTWARE\Policies\Microsoft\FVE","EncryptionMethodWithXtsOs","DWord","6"
"HKLM","SOFTWARE\Policies\Microsoft\FVE","EncryptionMethodWithXtsRdv","DWord","3"
"HKLM","SOFTWARE\Policies\Microsoft\FVE","FDVHardwareEncryption","DWord","0"
"HKLM","SOFTWARE\Policies\Microsoft\FVE","FDVRestrictHardwareEncryptionAlgorithms","DWord","0"
"HKLM","SOFTWARE\Policies\Microsoft\FVE","FDVAllowSoftwareEncryptionFailover","DWord","0"
"HKLM","SOFTWARE\Policies\Microsoft\FVE","FDVEncryptionType","DWord","1"
"HKLM","SOFTWARE\Policies\Microsoft\FVE","UseEnhancedPin","DWord","1"
"HKLM","SOFTWARE\Policies\Microsoft\FVE","OSAllowSecureBootForIntegrity","DWord","1"
"HKLM","Software\Policies\Microsoft\FVE","MinimumPIN","DWord","6"
"HKLM","SOFTWARE\Policies\Microsoft\FVE","OSHardwareEncryption","DWord","0"
"HKLM","SOFTWARE\Policies\Microsoft\FVE","OSRestrictHardwareEncryptionAlgorithms","DWord","0"
"HKLM","SOFTWARE\Policies\Microsoft\FVE","OSAllowSoftwareEncryptionFailover","DWord","0"
"HKLM","SOFTWARE\Policies\Microsoft\FVE","OSEncryptionType","DWord","1"
"HKLM","Software\Policies\Microsoft\FVE","UseAdvancedStartup","DWord","1"
"HKLM","Software\Policies\Microsoft\FVE","EnableBDEWithNoTPM","DWord","0"
"HKLM","Software\Policies\Microsoft\FVE","UseTPMKeyPIN","DWord","2"
"HKLM","Software\Policies\Microsoft\FVE","UseTPMKey","DWord","2"
"HKLM","Software\Policies\Microsoft\FVE","UseTPMPIN","DWord","2"
"HKLM","Software\Policies\Microsoft\FVE","UseTPM","DWord","2"
"HKLM","System\CurrentControlSet\Policies\Microsoft\FVE","RDVDenyWriteAccess","DWord","1"
"HKLM","SOFTWARE\Policies\Microsoft\FVE","RDVDenyCrossOrg","DWord","0"
"HKLM","SOFTWARE\Policies\Microsoft\Windows\CloudContent","DisableWindowsConsumerFeatures","DWord","1"
"HKLM","SOFTWARE\Policies\Microsoft\Windows\Connect","RequirePinForPairing","DWord","2"
"HKLM","SOFTWARE\Policies\Microsoft\Windows\CredUI","DisablePasswordReveal","DWord","1"
"HKLM","SOFTWARE\Microsoft\Windows\CurrentVersion\Policies\CredUI","EnumerateAdministrators","DWord","0"
"HKLM","Software\Policies\Microsoft\Windows\System","NoLocalPasswordResetQuestions","DWord","1"
"HKLM","SOFTWARE\Policies\Microsoft\Windows\DataCollection","AllowDeviceNameInTelemetry","DWord","0"
"HKLM","SOFTWARE\Policies\Microsoft\Windows\DataCollection","AllowTelemetry","DWord","0"
"HKLM","Software\Microsoft\Windows\CurrentVersion\Policies\DataCollection","MicrosoftEdgeDataOptIn","DWord","0"
"HKLM","Software\Policies\Microsoft\Windows\DataCollection","DisableDeviceDelete","DWord","0"
"HKLM","Software\Policies\Microsoft\Windows\DataCollection","DisableDiagnosticDataViewer","DWord","1"
"HKLM","SOFTWARE\Policies\Microsoft\Windows\DataCollection","DoNotShowFeedbackNotifications","DWord","1"
"HKLM","Software\Policies\Microsoft\Windows\DataCollection","LimitEnhancedDiagnosticDataWindowsAnalytics","DWord","1"
"HKLM","SOFTWARE\Policies\Microsoft\Windows\PreviewBuilds","AllowBuildPreview","DWord","0"
"HKLM","SOFTWARE\Policies\Microsoft\Windows\DeliveryOptimization","DODownloadMode","DWord","99"
"HKLM","SOFTWARE\Policies\Microsoft\Windows\EventLog\Application","Retention","String","0"
"HKLM","SOFTWARE\Policies\Microsoft\Windows\EventLog\Application","MaxSize","DWord","32768"
"HKLM","SOFTWARE\Policies\Microsoft\Windows\EventLog\Security","Retention","String","0"
"HKLM","SOFTWARE\Policies\Microsoft\Windows\EventLog\Security","MaxSize","DWord","524288"
"HKLM","SOFTWARE\Policies\Microsoft\Windows\EventLog\Setup","Retention","String","0"
"HKLM","SOFTWARE\Policies\Microsoft\Windows\EventLog\Setup","MaxSize","DWord","32768"
"HKLM","SOFTWARE\Policies\Microsoft\Windows\EventLog\System","Retention","String","0"
"HKLM","SOFTWARE\Policies\Microsoft\Windows\EventLog\System","MaxSize","DWord","32768"
"HKLM","SOFTWARE\Policies\Microsoft\Windows\Explorer","NoDataExecutionPrevention","DWord","0"
"HKLM","SOFTWARE\Policies\Microsoft\Windows\Explorer","NoHeapTerminationOnCorruption","DWord","0"
"HKLM","SOFTWARE\Microsoft\Windows\CurrentVersion\Policies\Explorer","PreXPSP2ShellProtocolBehavior","DWord","0"
"HKLM","Software\Policies\Microsoft\Internet Explorer\PhishingFilter","PreventOverride","DWord","1"
"HKLM","Software\Policies\Microsoft\Internet Explorer\PhishingFilter","PreventOverrideAppRepUnknown","DWord","1"
"HKLM","Software\Policies\Microsoft\Internet Explorer\PhishingFilter","EnabledV9","DWord","1"
"HKLM","Software\Policies\Microsoft\Internet Explorer\Security\ActiveX","BlockNonAdminActiveXInstall","DWord","1"
"HKLM","Software\Policies\Microsoft\Windows\CurrentVersion\Internet Settings","Security_zones_map_edit","DWord","1"
"HKLM","Software\Policies\Microsoft\Windows\CurrentVersion\Internet Settings","Security_options_edit","DWord","1"
"HKLM","Software\Policies\Microsoft\Windows\CurrentVersion\Internet Settings","Security_HKLM_only","DWord","1"
"HKLM","Software\Policies\Microsoft\Windows\AxInstaller","OnlyUseAXISForActiveXInstall","DWord","1"
"HKLM","Software\Policies\Microsoft\Internet Explorer\Restrictions","NoCrashDetection","DWord","1"
"HKLM","Software\Policies\Microsoft\Internet Explorer\Security","DisableSecuritySettingsCheck","DWord","0"
"HKLM","Software\Policies\Microsoft\Windows\CurrentVersion\Internet Settings","PreventIgnoreCertErrors","DWord","1"
"HKLM","Software\Policies\Microsoft\Internet Explorer\Download","RunInvalidSignatures","DWord","0"
"HKLM","Software\Policies\Microsoft\Internet Explorer\Main","DisableEPMCompat","DWord","1"
"HKLM","Software\Policies\Microsoft\Windows\CurrentVersion\Internet Settings","CertificateRevocation","DWord","1"
"HKLM","Software\Policies\Microsoft\Internet Explorer\Download","CheckExeSignatures","String","yes"
"HKLM","Software\Policies\Microsoft\Windows\CurrentVersion\Internet Settings","SecureProtocols","DWord","2560"
"HKLM","Software\Policies\Microsoft\Internet Explorer\Main","Isolation64Bit","DWord","1"
"HKLM","Software\Policies\Microsoft\Internet Explorer\Main","Isolation","String","PMEM"
"HKLM","Software\Policies\Microsoft\Windows\CurrentVersion\Internet Settings\ZoneMap","UNCAsIntranet","DWord","0"
"HKLM","Software\Policies\Microsoft\Windows\CurrentVersion\Internet Settings","WarnOnBadCertRecving","DWord","1"
"HKLM","Software\Policies\Microsoft\Windows\CurrentVersion\Internet Settings\Zones\3","1406","DWord","3"
"HKLM","Software\Policies\Microsoft\Windows\CurrentVersion\Internet Settings\Zones\3","1407","DWord","3"
"HKLM","Software\Policies\Microsoft\Windows\CurrentVersion\Internet Settings\Zones\3","1802","DWord","3"
"HKLM","Software\Policies\Microsoft\Windows\CurrentVersion\Internet Settings\Zones\3","2402","DWord","3"
"HKLM","Software\Policies\Microsoft\Windows\CurrentVersion\Internet Settings\Zones\3","120b","DWord","3"
"HKLM","Software\Policies\Microsoft\Windows\CurrentVersion\Internet Settings\Zones\3","120c","DWord","3"
"HKLM","Software\Policies\Microsoft\Windows\CurrentVersion\Internet Settings\Zones\3","1206","DWord","3"
"HKLM","Software\Policies\Microsoft\Windows\CurrentVersion\Internet Settings\Zones\3","2102","DWord","3"
"HKLM","Software\Policies\Microsoft\Windows\CurrentVersion\Internet Settings\Zones\3","1209","DWord","3"
"HKLM","Software\Policies\Microsoft\Windows\CurrentVersion\Internet Settings\Zones\3","2103","DWord","3"
"HKLM","Software\Policies\Microsoft\Windows\CurrentVersion\Internet Settings\Zones\3","140C","DWord","3"
"HKLM","Software\Policies\Microsoft\Windows\CurrentVersion\Internet Settings\Zones\3","2200","DWord","3"
"HKLM","Software\Policies\Microsoft\Windows\CurrentVersion\Internet Settings\Zones\3","270C","DWord","0"
"HKLM","Software\Policies\Microsoft\Windows\CurrentVersion\Internet Settings\Zones\3","1001","DWord","3"
"HKLM","Software\Policies\Microsoft\Windows\CurrentVersion\Internet Settings\Zones\3","1004","DWord","3"
"HKLM","Software\Policies\Microsoft\Windows\CurrentVersion\Internet Settings\Zones\3","2709","DWord","3"
"HKLM","Software\Policies\Microsoft\Windows\CurrentVersion\Internet Settings\Zones\3","2708","DWord","3"
"HKLM","Software\Policies\Microsoft\Windows\CurrentVersion\Internet Settings\Zones\3","160A","DWord","3"
"HKLM","Software\Policies\Microsoft\Windows\CurrentVersion\Internet Settings\Zones\3","1201","DWord","3"
"HKLM","Software\Policies\Microsoft\Windows\CurrentVersion\Internet Settings\Zones\3","1C00","DWord","0"
"HKLM","Software\Policies\Microsoft\Windows\CurrentVersion\Internet Settings\Zones\3","1804","DWord","3"
"HKLM","Software\Policies\Microsoft\Windows\CurrentVersion\Internet Settings\Zones\3","1A00","DWord","65536"
"HKLM","Software\Policies\Microsoft\Windows\CurrentVersion\Internet Settings\Zones\3","1607","DWord","3"
"HKLM","Software\Policies\Microsoft\Windows\CurrentVersion\Internet Settings\Zones\3","2004","DWord","3"
"HKLM","Software\Policies\Microsoft\Windows\CurrentVersion\Internet Settings\Zones\3","2001","DWord","3"
"HKLM","Software\Policies\Microsoft\Windows\CurrentVersion\Internet Settings\Zones\3","1806","DWord","1"
"HKLM","Software\Policies\Microsoft\Windows\CurrentVersion\Internet Settings\Zones\3","1409","DWord","0"
"HKLM","Software\Policies\Microsoft\Windows\CurrentVersion\Internet Settings\Zones\3","2500","DWord","0"
"HKLM","Software\Policies\Microsoft\Windows\CurrentVersion\Internet Settings\Zones\3","2301","DWord","0"
"HKLM","Software\Policies\Microsoft\Windows\CurrentVersion\Internet Settings\Zones\3","1809","DWord","0"
"HKLM","Software\Policies\Microsoft\Windows\CurrentVersion\Internet Settings\Zones\3","1606","DWord","3"
"HKLM","Software\Policies\Microsoft\Windows\CurrentVersion\Internet Settings\Zones\3","2101","DWord","3"
"HKLM","Software\Policies\Microsoft\Windows\CurrentVersion\Internet Settings\Zones\1","270C","DWord","0"
"HKLM","Software\Policies\Microsoft\Windows\CurrentVersion\Internet Settings\Zones\1","1201","DWord","3"
"HKLM","Software\Policies\Microsoft\Windows\CurrentVersion\Internet Settings\Zones\1","1C00","DWord","65536"
"HKLM","Software\Policies\Microsoft\Windows\CurrentVersion\Internet Settings\Zones\0","270C","DWord","0"
"HKLM","Software\Policies\Microsoft\Windows\CurrentVersion\Internet Settings\Zones\0","1C00","DWord","0"
"HKLM","Software\Policies\Microsoft\Windows\CurrentVersion\Internet Settings\Lockdown_Zones\3","2301","DWord","0"
"HKLM","Software\Policies\Microsoft\Windows\CurrentVersion\Internet Settings\Lockdown_Zones\1","1C00","DWord","0"
"HKLM","Software\Policies\Microsoft\Windows\CurrentVersion\Internet Settings\Lockdown_Zones\0","1C00","DWord","0"
"HKLM","Software\Policies\Microsoft\Windows\CurrentVersion\Internet Settings\Lockdown_Zones\4","1C00","DWord","0"
"HKLM","Software\Policies\Microsoft\Windows\CurrentVersion\Internet Settings\Lockdown_Zones\4","2301","DWord","0"
"HKLM","Software\Policies\Microsoft\Windows\CurrentVersion\Internet Settings\Lockdown_Zones\2","1C00","DWord","0"
"HKLM","Software\Policies\Microsoft\Windows\CurrentVersion\Internet Settings\Zones\4","1406","DWord","3"
"HKLM","Software\Policies\Microsoft\Windows\CurrentVersion\Internet Settings\Zones\4","1400","DWord","3"
"HKLM","Software\Policies\Microsoft\Windows\CurrentVersion\Internet Settings\Zones\4","2000","DWord","3"
"HKLM","Software\Policies\Microsoft\Windows\CurrentVersion\Internet Settings\Zones\4","1407","DWord","3"
"HKLM","Software\Policies\Microsoft\Windows\CurrentVersion\Internet Settings\Zones\4","1802","DWord","3"
"HKLM","Software\Policies\Microsoft\Windows\CurrentVersion\Internet Settings\Zones\4","1803","DWord","3"
"HKLM","Software\Policies\Microsoft\Windows\CurrentVersion\Internet Settings\Zones\4","2402","DWord","3"
"HKLM","Software\Policies\Microsoft\Windows\CurrentVersion\Internet Settings\Zones\4","1608","DWord","3"
"HKLM","Software\Policies\Microsoft\Windows\CurrentVersion\Internet Settings\Zones\4","120b","DWord","3"
"HKLM","Software\Policies\Microsoft\Windows\CurrentVersion\Internet Settings\Zones\4","120c","DWord","3"
"HKLM","Software\Policies\Microsoft\Windows\CurrentVersion\Internet Settings\Zones\4","1206","DWord","3"
"HKLM","Software\Policies\Microsoft\Windows\CurrentVersion\Internet Settings\Zones\4","2102","DWord","3"
"HKLM","Software\Policies\Microsoft\Windows\CurrentVersion\Internet Settings\Zones\4","1209","DWord","3"
"HKLM","Software\Policies\Microsoft\Windows\CurrentVersion\Internet Settings\Zones\4","2103","DWord","3"
"HKLM","Software\Policies\Microsoft\Windows\CurrentVersion\Internet Settings\Zones\4","140C","DWord","3"
"HKLM","Software\Policies\Microsoft\Windows\CurrentVersion\Internet Settings\Zones\4","2200","DWord","3"
"HKLM","Software\Policies\Microsoft\Windows\CurrentVersion\Internet Settings\Zones\4","270C","DWord","0"
"HKLM","Software\Policies\Microsoft\Windows\CurrentVersion\Internet Settings\Zones\4","1001","DWord","3"
"HKLM","Software\Policies\Microsoft\Windows\CurrentVersion\Internet Settings\Zones\4","1004","DWord","3"
"HKLM","Software\Policies\Microsoft\Windows\CurrentVersion\Internet Settings\Zones\4","2709","DWord","3"
"HKLM","Software\Policies\Microsoft\Windows\CurrentVersion\Internet Settings\Zones\4","2708","DWord","3"
"HKLM","Software\Policies\Microsoft\Windows\CurrentVersion\Internet Settings\Zones\4","160A","DWord","3"
"HKLM","Software\Policies\Microsoft\Windows\CurrentVersion\Internet Settings\Zones\4","1201","DWord","3"
"HKLM","Software\Policies\Microsoft\Windows\CurrentVersion\Internet Settings\Zones\4","1C00","DWord","0"
"HKLM","Software\Policies\Microsoft\Windows\CurrentVersion\Internet Settings\Zones\4","1804","DWord","3"
"HKLM","Software\Policies\Microsoft\Windows\CurrentVersion\Internet Settings\Zones\4","1A00","DWord","196608"
"HKLM","Software\Policies\Microsoft\Windows\CurrentVersion\Internet Settings\Zones\4","1607","DWord","3"
"HKLM","Software\Policies\Microsoft\Windows\CurrentVersion\Internet Settings\Zones\4","2004","DWord","3"
"HKLM","Software\Policies\Microsoft\Windows\CurrentVersion\Internet Settings\Zones\4","2001","DWord","3"
"HKLM","Software\Policies\Microsoft\Windows\CurrentVersion\Internet Settings\Zones\4","1200","DWord","3"
"HKLM","Software\Policies\Microsoft\Windows\CurrentVersion\Internet Settings\Zones\4","1405","DWord","3"
"HKLM","Software\Policies\Microsoft\Windows\CurrentVersion\Internet Settings\Zones\4","1402","DWord","3"
"HKLM","Software\Policies\Microsoft\Windows\CurrentVersion\Internet Settings\Zones\4","1806","DWord","3"
"HKLM","Software\Policies\Microsoft\Windows\CurrentVersion\Internet Settings\Zones\4","1409","DWord","0"
"HKLM","Software\Policies\Microsoft\Windows\CurrentVersion\Internet Settings\Zones\4","2500","DWord","0"
"HKLM","Software\Policies\Microsoft\Windows\CurrentVersion\Internet Settings\Zones\4","2301","DWord","0"
"HKLM","Software\Policies\Microsoft\Windows\CurrentVersion\Internet Settings\Zones\4","1809","DWord","0"
"HKLM","Software\Policies\Microsoft\Windows\CurrentVersion\Internet Settings\Zones\4","1606","DWord","3"
"HKLM","Software\Policies\Microsoft\Windows\CurrentVersion\Internet Settings\Zones\4","2101","DWord","3"
"HKLM","Software\Policies\Microsoft\Windows\CurrentVersion\Internet Settings\Zones\2","270C","DWord","0"
"HKLM","Software\Policies\Microsoft\Windows\CurrentVersion\Internet Settings\Zones\2","1201","DWord","3"
"HKLM","Software\Policies\Microsoft\Windows\CurrentVersion\Internet Settings\Zones\2","1C00","DWord","65536"
"HKLM","Software\Policies\Microsoft\Windows\CurrentVersion\Internet Settings","EnableSSL3Fallback","DWord","0"
"HKLM","Software\Microsoft\Windows\CurrentVersion\Policies\Ext","RunThisTimeEnabled","DWord","0"
"HKLM","Software\Microsoft\Windows\CurrentVersion\Policies\Ext","VersionCheckEnabled","DWord","1"
"HKLM","Software\Policies\Microsoft\Internet Explorer\Main\FeatureControl\FEATURE_MIME_HANDLING","(Reserved)","String","1"
"HKLM","Software\Policies\Microsoft\Internet Explorer\Main\FeatureControl\FEATURE_MIME_HANDLING","explorer.exe","String","1"
"HKLM","Software\Policies\Microsoft\Internet Explorer\Main\FeatureControl\FEATURE_MIME_HANDLING","iexplore.exe","String","1"
"HKLM","Software\Policies\Microsoft\Internet Explorer\Main\FeatureControl\FEATURE_MIME_SNIFFING","(Reserved)","String","1"
"HKLM","Software\Policies\Microsoft\Internet Explorer\Main\FeatureControl\FEATURE_MIME_SNIFFING","explorer.exe","String","1"
"HKLM","Software\Policies\Microsoft\Internet Explorer\Main\FeatureControl\FEATURE_MIME_SNIFFING","iexplore.exe","String","1"
"HKLM","Software\Policies\Microsoft\Internet Explorer\Main\FeatureControl\FEATURE_DISABLE_MK_PROTOCOL","(Reserved)","String","1"
"HKLM","Software\Policies\Microsoft\Internet Explorer\Main\FeatureControl\FEATURE_DISABLE_MK_PROTOCOL","explorer.exe","String","1"
"HKLM","Software\Policies\Microsoft\Internet Explorer\Main\FeatureControl\FEATURE_DISABLE_MK_PROTOCOL","iexplore.exe","String","1"
"HKLM","Software\Policies\Microsoft\Internet Explorer\Main\FeatureControl\FEATURE_SECURITYBAND","(Reserved)","String","1"
"HKLM","Software\Policies\Microsoft\Internet Explorer\Main\FeatureControl\FEATURE_SECURITYBAND","explorer.exe","String","1"
"HKLM","Software\Policies\Microsoft\Internet Explorer\Main\FeatureControl\FEATURE_SECURITYBAND","iexplore.exe","String","1"
"HKLM","Software\Policies\Microsoft\Internet Explorer\Main\FeatureControl\FEATURE_ZONE_ELEVATION","(Reserved)","String","1"
"HKLM","Software\Policies\Microsoft\Internet Explorer\Main\FeatureControl\FEATURE_ZONE_ELEVATION","explorer.exe","String","1"
"HKLM","Software\Policies\Microsoft\Internet Explorer\Main\FeatureControl\FEATURE_ZONE_ELEVATION","iexplore.exe","String","1"
"HKLM","Software\Policies\Microsoft\Internet Explorer\Main\FeatureControl\FEATURE_RESTRICT_ACTIVEXINSTALL","(Reserved)","String","1"
"HKLM","Software\Policies\Microsoft\Internet Explorer\Main\FeatureControl\FEATURE_RESTRICT_ACTIVEXINSTALL","explorer.exe","String","1"
"HKLM","Software\Policies\Microsoft\Internet Explorer\Main\FeatureControl\FEATURE_RESTRICT_ACTIVEXINSTALL","iexplore.exe","String","1"
"HKLM","Software\Policies\Microsoft\Internet Explorer\Main\FeatureControl\FEATURE_RESTRICT_FILEDOWNLOAD","(Reserved)","String","1"
"HKLM","Software\Policies\Microsoft\Internet Explorer\Main\FeatureControl\FEATURE_RESTRICT_FILEDOWNLOAD","explorer.exe","String","1"
"HKLM","Software\Policies\Microsoft\Internet Explorer\Main\FeatureControl\FEATURE_RESTRICT_FILEDOWNLOAD","iexplore.exe","String","1"
"HKLM","Software\Policies\Microsoft\Internet Explorer\Main\FeatureControl\FEATURE_WINDOW_RESTRICTIONS","(Reserved)","String","1"
"HKLM","Software\Policies\Microsoft\Internet Explorer\Main\FeatureControl\FEATURE_WINDOW_RESTRICTIONS","explorer.exe","String","1"
"HKLM","Software\Policies\Microsoft\Internet Explorer\Main\FeatureControl\FEATURE_WINDOW_RESTRICTIONS","iexplore.exe","String","1"
"HKLM","SOFTWARE\Policies\Microsoft\MicrosoftAccount","DisableUserAuth","DWord","1"
"HKLM","SOFTWARE\Policies\Microsoft\Windows Defender","PUAProtection","DWord","1"
"HKLM","SOFTWARE\Policies\Microsoft\Windows Defender","DisableAntiSpyware","DWord","0"
"HKLM","SOFTWARE\Policies\Microsoft\Windows Defender\Spynet","LocalSettingOverrideSpynetReporting","DWord","0"
"HKLM","Software\Policies\Microsoft\Windows Defender\Spynet","DisableBlockAtFirstSeen","DWord","0"
"HKLM","Software\Policies\Microsoft\Windows Defender\Spynet","SpynetReporting","DWord","2"
"HKLM","Software\Policies\Microsoft\Windows Defender\Spynet","SubmitSamplesConsent","DWord","1"
"HKLM","SOFTWARE\Policies\Microsoft\Windows Defender\Windows Defender Exploit Guard\ASR","ExploitGuard_ASR_Rules","DWord","1"
"HKLM","SOFTWARE\Policies\Microsoft\Windows Defender\Windows Defender Exploit Guard\ASR\Rules","26190899-1602-49e8-8b27-eb1d0a1ce869","String","1"
"HKLM","SOFTWARE\Policies\Microsoft\Windows Defender\Windows Defender Exploit Guard\ASR\Rules","3b576869-a4ec-4529-8536-b80a7769e899","String","1"
"HKLM","SOFTWARE\Policies\Microsoft\Windows Defender\Windows Defender Exploit Guard\ASR\Rules","5beb7efe-fd9a-4556-801d-275e5ffc04cc","String","1"
"HKLM","SOFTWARE\Policies\Microsoft\Windows Defender\Windows Defender Exploit Guard\ASR\Rules","75668c1f-73b5-4cf0-bb93-3ecf5cb7cc84","String","1"
"HKLM","SOFTWARE\Policies\Microsoft\Windows Defender\Windows Defender Exploit Guard\ASR\Rules","7674ba52-37eb-4a4f-a9a1-f0f9a1619a2c","String","1"
"HKLM","SOFTWARE\Policies\Microsoft\Windows Defender\Windows Defender Exploit Guard\ASR\Rules","92e97fa1-2edf-4476-bdd6-9dd0b4dddc7b","String","1"
"HKLM","SOFTWARE\Policies\Microsoft\Windows Defender\Windows Defender Exploit Guard\ASR\Rules","9e6c4e1f-7d60-472f-ba1a-a39ef669e4b2","String","1"
"HKLM","SOFTWARE\Policies\Microsoft\Windows Defender\Windows Defender Exploit Guard\ASR\Rules","b2b3f03d-6a65-4f7b-a9c7-1c7ef74a9ba4","String","1"
"HKLM","SOFTWARE\Policies\Microsoft\Windows Defender\Windows Defender Exploit Guard\ASR\Rules","be9ba2d9-53ea-4cdc-84e5-9b1eeee46550","String","1"
"HKLM","Software\Policies\Microsoft\Windows Defender\Windows Defender Exploit Guard\ASR\Rules","c1db55ab-c21a-4637-bb3f-a12568109d35","String","1"
"HKLM","Software\Policies\Microsoft\Windows Defender\Windows Defender Exploit Guard\ASR\Rules","d1e49aac-8f56-4280-b9ba-993a6d77406c","String","2"
"HKLM","SOFTWARE\Policies\Microsoft\Windows Defender\Windows Defender Exploit Guard\ASR\Rules","d3e037e1-3eb8-44c8-a917-57927947596d","String","1"
"HKLM","SOFTWARE\Policies\Microsoft\Windows Defender\Windows Defender Exploit Guard\ASR\Rules","d4f940ab-401b-4efc-aadc-ad5f3c50688a","String","1"
"HKLM","Software\Policies\Microsoft\Windows Defender\Windows Defender Exploit Guard\ASR\Rules","e6db77e5-3df2-4cf1-b95a-636979351e5b","String","1"
"HKLM","Software\Policies\Microsoft\Windows Defender\Windows Defender Exploit Guard\Controlled Folder Access","EnableControlledFolderAccess","DWord","1"
"HKLM","SOFTWARE\Policies\Microsoft\Windows Defender\Windows Defender Exploit Guard\Network Protection","EnableNetworkProtection","DWord","1"
"HKLM","Software\Policies\Microsoft\Windows Defender\MpEngine","MpCloudBlockLevel","DWord","2"
"HKLM","Software\Policies\Microsoft\Windows Defender\Real-Time Protection","DisableIOAVProtection","DWord","0"
"HKLM","Software\Policies\Microsoft\Windows Defender\Real-Time Protection","DisableRealtimeMonitoring","DWord","0"
"HKLM","SOFTWARE\Policies\Microsoft\Windows Defender\Real-Time Protection","DisableBehaviorMonitoring","DWord","0"
"HKLM","SOFTWARE\Policies\Microsoft\Windows Defender\Reporting","DisableGenericRePorts","DWord","1"
"HKLM","SOFTWARE\Policies\Microsoft\Windows Defender\Scan","DisableRemovableDriveScanning","DWord","0"
"HKLM","SOFTWARE\Policies\Microsoft\Windows Defender\Scan","DisableEmailScanning","DWord","0"
"HKLM","SOFTWARE\Policies\Microsoft\AppHVSI","AuditApplicationGuard","DWord","1"
"HKLM","SOFTWARE\Policies\Microsoft\AppHVSI","AllowCameraMicrophoneRedirection","DWord","0"
"HKLM","SOFTWARE\Policies\Microsoft\AppHVSI","AllowPersistence","DWord","0"
"HKLM","SOFTWARE\Policies\Microsoft\AppHVSI","SaveFilesToHost","DWord","1"
"HKLM","SOFTWARE\Policies\Microsoft\AppHVSI","AppHVSIClipboardSettings","DWord","1"
"HKLM","SOFTWARE\Policies\Microsoft\AppHVSI","AppHVSIClipboardFileType","DWord","3"
"HKLM","SOFTWARE\Policies\Microsoft\AppHVSI","AppHVSIPrintingSettings","DWord","11"
"HKLM","SOFTWARE\Policies\Microsoft\AppHVSI","BlockNonEnterpriseContent","DWord","1"
"HKLM","SOFTWARE\Policies\Microsoft\AppHVSI","AllowAppHVSI_ProviderSet","DWord","1"
"HKLM","Software\Policies\Microsoft\MicrosoftEdge\BooksLibrary","UseSharedFolderForBooks","DWord","0"
"HKLM","Software\Policies\Microsoft\MicrosoftEdge\BooksLibrary","AllowConfigurationUpdateForBooksLibrary","DWord","1"
"HKLM","Software\Policies\Microsoft\MicrosoftEdge\BooksLibrary","EnableExtendedBooksTelemetry","DWord","0"
"HKLM","Software\Policies\Microsoft\MicrosoftEdge\TabPreloader","AllowTabPreloading","DWord","0"
"HKLM","Software\Policies\Microsoft\MicrosoftEdge\Extensions","AllowSideloadingOfExtensions","DWord","0"
"HKLM","Software\Policies\Microsoft\MicrosoftEdge\Main","FormSuggest Passwords","String","no"
"HKLM","Software\Policies\Microsoft\MicrosoftEdge\PhishingFilter","PreventOverrideAppRepUnknown","DWord","1"
"HKLM","Software\Policies\Microsoft\MicrosoftEdge\Internet Settings","PreventCertErrorOverrides","DWord","1"
"HKLM","SOFTWARE\Policies\Microsoft\Windows\OneDrive","DisableFileSyncNGSC","DWord","1"
"HKLM","Software\Policies\Microsoft\PortableOperatingSystem","Launcher","DWord","0"
"HKLM","SOFTWARE\Policies\Microsoft\Windows NT\Terminal Services","DisablePasswordSaving","DWord","1"
"HKLM","SOFTWARE\Policies\Microsoft\Windows NT\Terminal Services","fDisableCdm","DWord","1"
"HKLM","SOFTWARE\Policies\Microsoft\Windows NT\Terminal Services","fPromptForPassword","DWord","1"
"HKLM","SOFTWARE\Policies\Microsoft\Windows NT\Terminal Services","fEncryptRPCTraffic","DWord","1"
"HKLM","SOFTWARE\Policies\Microsoft\Windows NT\Terminal Services","SecurityLayer","DWord","2"
"HKLM","SOFTWARE\Policies\Microsoft\Windows NT\Terminal Services","UserAuthentication","DWord","1"
"HKLM","SOFTWARE\Policies\Microsoft\Windows NT\Terminal Services","MinEncryptionLevel","DWord","3"
"HKLM","SOFTWARE\Policies\Microsoft\Windows NT\Terminal Services","fResetBroken","DWord","1"
"HKLM","SOFTWARE\Policies\Microsoft\Windows NT\Terminal Services","DeleteTempDirsOnExit","DWord","1"
"HKLM","SOFTWARE\Policies\Microsoft\Windows NT\Terminal Services","PerSessionTempDir","DWord","1"
"HKLM","SOFTWARE\Policies\Microsoft\Internet Explorer\Feeds","DisableEnclosureDownload","DWord","1"
"HKLM","Software\Policies\Microsoft\Windows\Windows Search","AllowCortana","DWord","0"
"HKLM","SOFTWARE\Policies\Microsoft\Windows\Windows Search","AllowIndexingEncryptedStoresOrItems","DWord","0"
"HKLM","SOFTWARE\Policies\Microsoft\Windows\Windows Search","AllowSearchToUseLocation","DWord","0"
"HKLM","Software\Policies\Microsoft\Windows\Windows Search","ConnectedSearchUseWeb","DWord","0"
"HKLM","Software\Policies\Microsoft\WindowsStore","DisableStoreApps","DWord","0"
"HKLM","SOFTWARE\Policies\Microsoft\WindowsStore","DisableOSUpgrade","DWord","1"
"HKLM","Software\Policies\Microsoft\WindowsStore","RemoveWindowsStore","DWord","1"
"HKLM","Software\Policies\Microsoft\Windows\SettingSync","DisableSettingSync","DWord","2"
"HKLM","Software\Policies\Microsoft\Windows\SettingSync","DisableSettingSyncUserOverride","DWord","1"
"HKLM","SOFTWARE\Microsoft\Windows\CurrentVersion\Policies\TextInput","AllowLinguisticDataCollection","DWord","0"
"HKLM","Software\Policies\Microsoft\Windows Defender\SmartScreen","ConfigureAppInstallControlEnabled","DWord","1"
"HKLM","Software\Policies\Microsoft\Windows Defender\SmartScreen","ConfigureAppInstallControl","String","PreferStore"
"HKLM","SOFTWARE\Policies\Microsoft\Windows\GameDVR","AllowGameDVR","DWord","0"
"HKLM","Software\Policies\Microsoft\PassportForWork","RequireSecurityDevice","DWord","1"
"HKLM","Software\Policies\Microsoft\PassportForWork\ExcludeSecurityDevices","TPM12","DWord","0"
"HKLM","SOFTWARE\Policies\Microsoft\WindowsInkWorkspace","AllowSuggestedAppsInWindowsInkWorkspace","DWord","0"
"HKLM","SOFTWARE\Policies\Microsoft\WindowsInkWorkspace","AllowWindowsInkWorkspace","DWord","1"
"HKLM","SOFTWARE\Policies\Microsoft\Windows\Installer","EnableUserControl","DWord","0"
"HKLM","SOFTWARE\Policies\Microsoft\Windows\Installer","AlwaysInstallElevated","DWord","0"
"HKLM","SOFTWARE\Microsoft\Windows\CurrentVersion\Policies\System","DisableAutomaticRestartSignOn","DWord","1"
"HKLM","SOFTWARE\Policies\Microsoft\Windows\PowerShell\ModuleLogging","EnableModuleLogging","DWord","1"
"HKLM","SOFTWARE\Policies\Microsoft\Windows\PowerShell\ModuleLogging\ModuleNames","*","String","*"
"HKLM","SOFTWARE\Policies\Microsoft\Windows\PowerShell\ScriptBlockLogging","EnableScriptBlockLogging","DWord","1"
"HKLM","SOFTWARE\Policies\Microsoft\Windows\PowerShell\Transcription","EnableTranscripting","DWord","1"
"HKLM","SOFTWARE\Policies\Microsoft\Windows\PowerShell\Transcription","EnableInvocationHeader","DWord","1"
"HKLM","SOFTWARE\Policies\Microsoft\Windows\PowerShell\Transcription","OutputDirectory","String","C:\ProgramData\PS_Transcript"
"HKLM","SOFTWARE\Policies\Microsoft\Windows\PowerShell","EnableScripts","DWord","1"
"HKLM","SOFTWARE\Policies\Microsoft\Windows\WinRM\Client","AllowBasic","DWord","0"
"HKLM","SOFTWARE\Policies\Microsoft\Windows\WinRM\Client","AllowUnencryptedTraffic","DWord","0"
"HKLM","SOFTWARE\Policies\Microsoft\Windows\WinRM\Client","AllowDigest","DWord","0"
"HKLM","SOFTWARE\Policies\Microsoft\Windows\WinRM\Service","AllowBasic","DWord","0"
"HKLM","SOFTWARE\Policies\Microsoft\Windows\WinRM\Service","AllowUnencryptedTraffic","DWord","0"
"HKLM","SOFTWARE\Policies\Microsoft\Windows\WinRM\Service","DisableRunAs","DWord","1"
"HKLM","SOFTWARE\Policies\Microsoft\Windows Defender Security Center\App and Browser protection","DisallowExploitProtectionOverride","DWord","1"
"HKLM","SOFTWARE\Policies\Microsoft\Windows\WindowsUpdate\AU","NoAutoUpdate","DWord","0"
"HKLM","SOFTWARE\Policies\Microsoft\Windows\WindowsUpdate\AU","AUOptions","DWord","4"
"HKLM","SOFTWARE\Policies\Microsoft\Windows\WindowsUpdate\AU","ScheduledInstallEveryWeek","DWord","1"
"HKLM","SOFTWARE\Policies\Microsoft\Windows\WindowsUpdate\AU","ScheduledInstallDay","DWord","0"
"HKLM","SOFTWARE\Policies\Microsoft\Windows\WindowsUpdate\AU","ScheduledInstallTime","DWord","3"
"HKLM","SOFTWARE\Policies\Microsoft\Windows\WindowsUpdate\AU","NoAutoRebootWithLoggedOnUsers","DWord","0"
"HKLM","SOFTWARE\Policies\Microsoft\Windows\WindowsUpdate","SetDisablePauseUXAccess","DWord","1"
"HKLM","Software\Policies\Microsoft\Windows\WindowsUpdate","ManagePreviewBuilds","DWord","0"
"HKLM","Software\Policies\Microsoft\Windows\WindowsUpdate","DeferFeatureUpdates","DWord","1"
"HKLM","Software\Policies\Microsoft\Windows\WindowsUpdate","DeferFeatureUpdatesPeriodInDays","DWord","0"
"HKLM","Software\Policies\Microsoft\Windows\WindowsUpdate","PauseFeatureUpdatesStartTime","String","-"
"HKLM","Software\Policies\Microsoft\Windows\WindowsUpdate","BranchReadinessLevel","DWord","32"
"HKLM","Software\Policies\Microsoft\Windows\Windows Error Reporting","Disabled","DWord","1"
"HKLM","SOFTWARE\Policies\Microsoft\Windows\System","ShellSmartScreenLevel","String","Block"
"HKLM","SOFTWARE\Policies\Microsoft\Windows\System","EnableSmartScreen","DWord","1"
"HKLM","SOFTWARE\Policies\Microsoft\MicrosoftEdge\PhishingFilter","EnabledV9","DWord","1"
"HKLM","SOFTWARE\Policies\Microsoft\WindowsStore","AutoDownload","DWord","4"
"HKLM","SOFTWARE\Policies\Microsoft\MicrosoftEdge\PhishingFilter","PreventOverride","DWord","1"
"HKLM","SOFTWARE\Microsoft\Windows\CurrentVersion\Policies\System","NoConnectedUser","DWord","3"
"HKLM","SYSTEM\CurrentControlSet\Control\Lsa","LimitBlankPasswordUse","DWord","1"
"HKLM","System\CurrentControlSet\Control\Lsa","SCENoApplyLegacyAuditPolicy","DWord","1"
"HKLM","System\CurrentControlSet\Control\Lsa","CrashOnAuditFail","DWord","0"
"HKLM","SOFTWARE\Microsoft\Windows NT\CurrentVersion\Winlogon","AllocateDASD","String","2"
"HKLM","SOFTWARE\Microsoft\Windows\CurrentVersion\Policies\System","DisableCAD","DWord","0"
"HKLM","SOFTWARE\Microsoft\Windows\CurrentVersion\Policies\System","DontDisplayLastUserName","DWord","1"
"HKLM","SOFTWARE\Microsoft\Windows\CurrentVersion\Policies\System","InactivityTimeoutSecs","DWord","900"
"HKLM","Software\Microsoft\Windows NT\CurrentVersion\Winlogon","CachedLogonsCount","String","10"
"HKLM","SOFTWARE\Microsoft\Windows NT\CurrentVersion\Winlogon","PasswordExpiryWarning","DWord","14"
"HKLM","Software\Microsoft\Windows NT\CurrentVersion\Winlogon","ScRemoveOption","String","1"
"HKLM","System\CurrentControlSet\Services\LanmanWorkstation\Parameters","RequireSecuritySignature","DWord","1"
"HKLM","System\CurrentControlSet\Services\LanmanWorkstation\Parameters","EnableSecuritySignature","DWord","1"
"HKLM","System\CurrentControlSet\Services\LanmanWorkstation\Parameters","EnablePlainTextPassword","DWord","0"
"HKLM","SYSTEM\CurrentControlSet\Services\LanmanServer\Parameters","AutoDisconnect","DWord","15"
"HKLM","SYSTEM\CurrentControlSet\Services\LanmanServer\Parameters","RequireSecuritySignature","DWord","1"
"HKLM","SYSTEM\CurrentControlSet\Services\LanmanServer\Parameters","EnableSecuritySignature","DWord","1"
"HKLM","SYSTEM\CurrentControlSet\Services\LanmanServer\Parameters","EnableForcedLogOff","DWord","1"
"HKLM","SYSTEM\CurrentControlSet\Control\Lsa","RestrictAnonymousSAM","DWord","1"
"HKLM","SYSTEM\CurrentControlSet\Control\Lsa","RestrictAnonymous","DWord","1"
"HKLM","SYSTEM\CurrentControlSet\Control\Lsa","DisableDomainCreds","DWord","1"
"HKLM","SYSTEM\CurrentControlSet\Control\Lsa","EveryoneIncludesAnonymous","DWord","0"
"HKLM","SYSTEM\CurrentControlSet\Services\LanmanServer\Parameters","NullSessionPipes","MultiString","-"
"HKLM","System\CurrentControlSet\Control\SecurePipeServers\Winreg\AllowedExactPaths","Machine","MultiString","Software\Microsoft\Windows NT\CurrentVersion,System\CurrentControlSet\Control\ProductOptions,System\CurrentControlSet\Control\Server Applications"
"HKLM","System\CurrentControlSet\Control\SecurePipeServers\Winreg\AllowedPaths","Machine","MultiString","Software\Microsoft\OLAP Server,Software\Microsoft\Windows NT\CurrentVersion\Perflib,Software\Microsoft\Windows NT\CurrentVersion\Print,Software\Microsoft\Windows NT\CurrentVersion\Windows,System\CurrentControlSet\Control\ContentIndex,System\CurrentControlSet\Control\Print\Printers,System\CurrentControlSet\Control\Terminal Server,System\CurrentControlSet\Control\Terminal Server\DefaultUserConfiguration,System\CurrentControlSet\Control\Terminal Server\UserConfig,System\CurrentControlSet\Services\Eventlog,System\CurrentControlSet\Services\SysmonLog"
"HKLM","SYSTEM\CurrentControlSet\Services\LanmanServer\Parameters","RestrictNullSessAccess","DWord","1"
"HKLM","SYSTEM\CurrentControlSet\Control\Lsa","RestrictRemoteSAM","String","O:BAG:BAD:(A;;RC;;;BA)"
"HKLM","SYSTEM\CurrentControlSet\Services\LanmanServer\Parameters","NullSessionShares","MultiString","-"
"HKLM","SYSTEM\CurrentControlSet\Control\Lsa","ForceGuest","DWord","0"
"HKLM","SYSTEM\CurrentControlSet\Control\Lsa","UseMachineId","DWord","1"
"HKLM","System\CurrentControlSet\Control\Lsa\MSV1_0","allownullsessionfallback","DWord","0"
"HKLM","System\CurrentControlSet\Control\Lsa\pku2u","AllowOnlineID","DWord","0"
"HKLM","Software\Microsoft\Windows\CurrentVersion\Policies\System\Kerberos\Parameters","SupportedEncryptionTypes","DWord","2147483640"
"HKLM","SYSTEM\CurrentControlSet\Control\Lsa","NoLMHash","DWord","1"
"HKLM","SYSTEM\CurrentControlSet\Control\Lsa","LmCompatibilityLevel","DWord","3"
"HKLM","System\CurrentControlSet\Services\LDAP","LDAPClientIntegrity","DWord","1"
"HKLM","System\CurrentControlSet\Control\Lsa\MSV1_0","NTLMMinClientSec","DWord","537395200"
"HKLM","System\CurrentControlSet\Control\Lsa\MSV1_0","NTLMMinServerSec","DWord","537395200"
"HKLM","System\CurrentControlSet\Control\Lsa\FIPSAlgorithmPolicy","Enabled","DWord","1"
"HKLM","SYSTEM\CurrentControlSet\Control\Session Manager\kernel","ObCaseInsensitive","DWord","1"
"HKLM","SYSTEM\CurrentControlSet\Control\Session Manager","ProtectionMode","DWord","1"
"HKLM","SOFTWARE\Microsoft\Windows\CurrentVersion\Policies\System","FilterAdministratorToken","DWord","1"
"HKLM","SOFTWARE\Microsoft\Windows\CurrentVersion\Policies\System","EnableUIADesktopToggle","DWord","0"
"HKLM","SOFTWARE\Microsoft\Windows\CurrentVersion\Policies\System","ConsentPromptBehaviorAdmin","DWord","2"
"HKLM","SOFTWARE\Microsoft\Windows\CurrentVersion\Policies\System","ConsentPromptBehaviorUser","DWord","1"
"HKLM","SOFTWARE\Microsoft\Windows\CurrentVersion\Policies\System","EnableInstallerDetection","DWord","1"
"HKLM","SOFTWARE\Microsoft\Windows\CurrentVersion\Policies\System","EnableSecureUIAPaths","DWord","1"
"HKLM","SOFTWARE\Microsoft\Windows\CurrentVersion\Policies\System","EnableLUA","DWord","1"
"HKLM","SOFTWARE\Microsoft\Windows\CurrentVersion\Policies\System","PromptOnSecureDesktop","DWord","1"
"HKLM","SOFTWARE\Microsoft\Windows\CurrentVersion\Policies\System","EnableVirtualization","DWord","1"
"HKCU","SOFTWARE\Policies\Microsoft\Windows\Control Panel\Desktop","ScreenSaveActive","String","1"
"HKCU","SOFTWARE\Policies\Microsoft\Windows\Control Panel\Desktop","SCRNSAVE.EXE","String","scrnsave.scr"
"HKCU","SOFTWARE\Policies\Microsoft\Windows\Control Panel\Desktop","ScreenSaverIsSecure","String","1"
"HKCU","SOFTWARE\Policies\Microsoft\Windows\Control Panel\Desktop","ScreenSaveTimeOut","String","900"
"HKCU","SOFTWARE\Policies\Microsoft\Windows\CurrentVersion\PushNotifications","NoToastApplicationNotificationOnLockScreen","DWord","1"
"HKCU","SOFTWARE\Policies\Microsoft\Assistance\Client\1.0","NoImplicitFeedback","DWord","1"
"HKCU","SOFTWARE\Microsoft\Windows\CurrentVersion\Policies\Attachments","SaveZoneInformation","DWord","2"
"HKCU","SOFTWARE\Microsoft\Windows\CurrentVersion\Policies\Attachments","ScanWithAntiVirus","DWord","3"
"HKCU","SOFTWARE\Policies\Microsoft\Windows\CloudContent","ConfigureWindowsSpotlight","DWord","2"
"HKCU","SOFTWARE\Policies\Microsoft\Windows\CloudContent","IncludeEnterpriseSpotlight","DWord","0"
"HKCU","SOFTWARE\Policies\Microsoft\Windows\CloudContent","DisableThirdPartySuggestions","DWord","1"
"HKCU","SOFTWARE\Policies\Microsoft\Windows\CloudContent","DisableTailoredExperiencesWithDiagnosticData","DWord","1"
"HKCU","SOFTWARE\Policies\Microsoft\Windows\CloudContent","DisableWindowsSpotlightFeatures","DWord","1"
"HKCU","Software\Microsoft\Windows\CurrentVersion\Policies\Explorer","NoReadingPane","DWord","1"
"HKCU","Software\Microsoft\Windows\CurrentVersion\Policies\Explorer","NoPreviewPane","DWord","1"
"HKCU","Software\Policies\Microsoft\Internet Explorer\Control Panel","FormSuggest Passwords","DWord","1"
"HKCU","Software\Policies\Microsoft\Internet Explorer\Main","FormSuggest Passwords","String","no"
"HKCU","Software\Policies\Microsoft\Internet Explorer\Main","FormSuggest PW Ask","String","no"
"HKCU","SOFTWARE\Microsoft\Windows\CurrentVersion\Policies\Explorer","NoInplaceSharing","DWord","1"
"HKCU","SOFTWARE\Policies\Microsoft\Windows\Installer","AlwaysInstallElevated","DWord","0"
"HKCU","SOFTWARE\Policies\Microsoft\WindowsMediaPlayer","PreventCodecDownload","DWord","1"
